City_ID,City,Country,Lat,Lng,Max Temp,Humidity,Cloudiness,Wind Speed,Current Description
0,Ushuaia,AR,-54.8,-68.3,49.66,46,40,14.97,broken clouds
1,Te Anau,NZ,-45.4167,167.7167,54.01,78,96,1.05,broken clouds
2,Dikson,RU,73.5069,80.5464,31.68,94,98,15.46,broken clouds
3,Vaini,TO,-21.2,-175.2,71.76,88,75,12.66,broken clouds
4,Gualeguay,AR,-33.1416,-59.3097,54.54,93,51,5.7,broken clouds
5,Nikolskoye,RU,59.7035,30.7861,58.8,65,98,3.02,broken clouds
6,Ahipara,NZ,-35.1667,173.1667,65.77,73,26,6.76,broken clouds
7,Barrow,US,71.2906,-156.7887,34.2,85,100,15.68,broken clouds
8,Cidreira,BR,-30.1811,-50.2056,62.42,92,100,15.73,broken clouds
9,Bambous Virieux,MU,-20.3428,57.7575,70.05,88,75,16.28,broken clouds
10,Katsuura,JP,35.1333,140.3,87.24,63,0,14.5,broken clouds
11,Saint-Philippe,RE,-21.3585,55.7679,67.55,79,43,13.94,broken clouds
12,Grindavik,IS,63.8424,-22.4338,49.55,87,90,15.86,broken clouds
13,Saint-Joseph,RE,-21.3667,55.6167,66.56,79,19,14.61,broken clouds
14,Qaanaaq,GL,77.484,-69.3632,39.09,69,97,6.55,broken clouds
15,Banda Aceh,ID,5.5577,95.3222,84.4,65,100,11.3,broken clouds
16,Chenzhou,CN,25.8,113.0333,90.3,55,68,4.21,broken clouds
17,Punta Arenas,CL,-53.15,-70.9167,41.11,81,20,36.35,broken clouds
18,Kodiak,US,57.79,-152.4072,49.51,81,90,18.41,broken clouds
19,Kvarkeno,RU,52.0833,59.725,61.72,68,90,14.72,broken clouds
20,Lampazos De Naranjo,MX,27.0167,-100.5167,89.24,50,2,14.9,broken clouds
21,Pontalina,BR,-17.525,-49.4472,68.31,53,2,3.69,broken clouds
22,Rikitea,PF,-23.1203,-134.9692,73.35,90,98,14.12,broken clouds
23,Albany,US,42.6001,-73.9662,72.27,94,100,2.06,broken clouds
24,Kapaa,US,22.0752,-159.319,84.18,73,12,5.01,broken clouds
25,Boma,GH,7.0805,-2.1697,70.95,99,100,2.15,broken clouds
26,Ponta Delgada,PT,37.7333,-25.6667,66.92,94,75,5.75,broken clouds
27,Hermanus,ZA,-34.4187,19.2345,57.9,77,3,3.13,broken clouds
28,Torbay,CA,47.6666,-52.7314,51.76,83,20,8.05,broken clouds
29,Kanlagay,PH,5.8757,121.2915,84.61,68,100,4.41,broken clouds
30,Itarema,BR,-2.9248,-39.9167,77.88,84,43,9.08,broken clouds
31,Geraldton,AU,-28.7667,114.6,65.12,72,75,27.85,broken clouds
32,Bakel,SN,14.905,-12.4568,92.89,35,65,10.42,broken clouds
33,Yumen,CN,40.2833,97.2,76.08,21,39,8.03,broken clouds
34,Esperance,AU,-33.8667,121.9,55.24,58,100,21.83,broken clouds
35,Puerto Penasco,MX,31.3167,-113.5333,75.9,76,90,4.0,broken clouds
36,Nome,US,64.5011,-165.4064,42.17,81,90,14.97,broken clouds
37,Qandala,SO,11.472,49.8728,88.97,59,1,2.84,broken clouds
38,La Ronge,CA,55.1001,-105.2842,59.25,63,75,6.91,broken clouds
39,Meulaboh,ID,4.1363,96.1285,82.17,71,100,2.84,broken clouds
40,Eureka,US,40.8021,-124.1637,60.75,69,0,4.0,broken clouds
41,Saskylakh,RU,71.9167,114.0833,40.26,56,100,11.25,broken clouds
42,Lata,PT,40.1629,-8.3327,54.05,91,5,2.64,broken clouds
43,Cherskiy,RU,68.75,161.3,39.33,67,100,10.16,broken clouds
44,Chapais,CA,49.7834,-74.8492,58.78,65,12,6.06,broken clouds
45,Mahebourg,MU,-20.4081,57.7,70.09,88,75,6.91,broken clouds
46,Hithadhoo,MV,-0.6,73.0833,82.78,72,11,6.44,broken clouds
47,Georgetown,MY,5.4112,100.3354,87.89,72,20,0.0,broken clouds
48,Ilulissat,GL,69.2167,-51.1,37.8,72,1,2.64,broken clouds
49,Strezhevoy,RU,60.7333,77.5889,46.38,50,95,10.6,broken clouds
50,Asau,RO,46.4333,26.4,58.39,82,0,5.35,broken clouds
51,Hobart,AU,-42.8794,147.3294,52.02,88,75,5.01,broken clouds
52,Erenhot,CN,43.6475,111.9767,71.37,22,12,17.27,broken clouds
53,Jamestown,US,42.097,-79.2353,71.24,87,1,1.99,broken clouds
54,Andros Town,BS,24.7,-77.7667,78.76,76,29,16.22,broken clouds
55,Kaohsiung,TW,22.6163,120.3133,88.03,71,75,4.0,broken clouds
56,Cabo San Lucas,MX,22.8909,-109.9124,91.81,56,2,11.03,broken clouds
57,Busselton,AU,-33.65,115.3333,52.74,87,100,23.04,broken clouds
58,Grand Gaube,MU,-20.0064,57.6608,70.2,74,16,5.99,broken clouds
59,Castro,BR,-24.7911,-50.0119,52.84,99,36,4.7,broken clouds
60,Tautira,PF,-17.7333,-149.15,82.42,78,81,15.1,broken clouds
61,Olga,RU,43.7444,135.2892,72.46,54,21,7.49,broken clouds
62,Poquoson,US,37.1224,-76.3458,82.09,74,92,1.01,broken clouds
63,Pandan,PH,14.0453,124.1694,85.5,69,100,2.73,broken clouds
64,Lamu,KE,-2.2717,40.902,75.65,86,57,10.85,broken clouds
65,Chiredzi,ZW,-21.05,31.6667,59.77,61,92,5.86,broken clouds
66,Arenal,CO,8.4593,-73.9433,73.81,98,100,1.68,broken clouds
67,Agadez,NE,19.75,10.25,84.31,12,19,10.16,broken clouds
68,Kaitangata,NZ,-46.2817,169.8464,53.92,69,100,2.59,broken clouds
69,Cape Town,ZA,-33.9258,18.4232,58.12,92,5,2.59,broken clouds
70,Samarai,PG,-10.6167,150.6667,81.39,77,27,11.99,broken clouds
71,Oranjemund,NA,-28.55,16.4333,56.91,86,0,3.22,broken clouds
72,Tasiilaq,GL,65.6145,-37.6368,35.06,94,60,3.2,broken clouds
73,Pangkalanbuun,ID,-2.6833,111.6167,88.97,55,89,3.24,broken clouds
74,Port Elizabeth,ZA,-33.918,25.5701,52.09,76,0,1.14,broken clouds
75,Ponta Do Sol,PT,32.6667,-17.1,65.03,70,53,2.3,broken clouds
76,Srednekolymsk,RU,67.45,153.6833,54.59,37,10,8.63,broken clouds
77,Bredasdorp,ZA,-34.5322,20.0403,54.28,93,3,1.97,broken clouds
78,Pestravka,RU,52.405,49.9583,64.69,74,12,4.52,broken clouds
79,Saint-Georges,GD,12.0564,-61.7485,80.28,83,20,17.27,broken clouds
80,Lompoc,US,34.6391,-120.4579,61.12,72,1,11.41,broken clouds
81,New Norfolk,AU,-42.7826,147.0587,51.66,70,100,6.98,broken clouds
82,Taoudenni,ML,22.6783,-3.9836,98.47,13,2,9.78,broken clouds
83,Saldanha,ZA,-33.0117,17.9442,51.85,81,3,3.15,broken clouds
84,Ust-Maya,RU,60.4167,134.5333,64.22,55,100,11.72,broken clouds
85,Aldan,RU,58.6031,125.3894,60.46,42,89,5.37,broken clouds
86,Arenillas,ES,41.3471,-2.8462,54.82,71,1,2.59,broken clouds
87,Palu,ID,-0.8917,119.8707,90.21,53,45,2.73,broken clouds
88,Bluff,NZ,-46.6,168.3333,49.8,81,100,4.94,broken clouds
89,Merauke,ID,-8.4667,140.3333,80.22,79,49,7.38,broken clouds
90,Surt,LY,31.2089,16.5887,68.86,83,62,5.97,broken clouds
91,Klaksvik,FO,62.2266,-6.589,50.92,99,100,20.02,broken clouds
92,Snezhnogorsk,RU,69.1933,33.2531,51.58,74,99,7.65,broken clouds
93,Arraial Do Cabo,BR,-22.9661,-42.0278,73.2,80,100,9.69,broken clouds
94,Mataura,NZ,-46.1927,168.8643,49.48,81,100,1.68,broken clouds
95,Manta,EC,-0.95,-80.7333,76.78,78,75,2.3,broken clouds
96,Butaritari,KI,3.0707,172.7902,82.33,69,92,4.7,broken clouds
97,Puyang,CN,29.4603,119.8861,83.93,76,100,4.09,broken clouds
98,Kitgum,UG,3.2783,32.8867,63.41,67,6,3.78,broken clouds
99,Ipixuna,BR,-1.7625,-48.8043,75.15,98,99,2.33,broken clouds
100,Karakol,KG,42.4907,78.3936,60.91,58,1,4.74,broken clouds
101,Ha Tinh,VN,18.3333,105.9,84.74,71,100,5.37,broken clouds
102,Viedma,AR,-40.8135,-62.9967,54.19,75,59,17.43,broken clouds
103,Ladispoli,IT,41.9537,12.0735,62.96,82,84,3.83,broken clouds
104,Marsh Harbour,BS,26.5412,-77.0636,78.67,74,17,14.32,broken clouds
105,Grootfontein,NA,-19.5667,18.1167,51.37,62,0,4.61,broken clouds
106,Am Timan,TD,11.0297,20.2827,79.57,62,99,3.83,broken clouds
107,Marmaris,TR,36.855,28.2742,73.11,67,0,3.58,broken clouds
108,Victoria,HK,22.2855,114.1577,88.97,88,91,3.0,broken clouds
109,Maceio,BR,-9.6658,-35.7353,74.64,94,75,7.16,broken clouds
110,Dombarovskiy,RU,50.7587,59.5386,67.78,56,73,12.08,broken clouds
111,Sitka,US,57.0531,-135.33,58.84,63,21,4.56,broken clouds
112,Husavik,IS,66.0449,-17.3389,44.51,96,100,6.91,broken clouds
113,Hilo,US,19.7297,-155.09,81.28,86,37,1.99,broken clouds
114,Narsaq,GL,60.9167,-46.05,43.2,66,31,1.03,broken clouds
115,Trinidad,BO,-14.8333,-64.9,71.15,96,66,2.06,broken clouds
116,Svetlyy,RU,54.675,20.1347,53.65,87,14,6.49,broken clouds
117,Fez,MA,34.0372,-4.9998,68.25,63,0,1.86,broken clouds
118,Mnogovershinnyy,RU,53.9353,139.9242,78.89,43,9,3.44,broken clouds
119,Coahuayana,MX,18.7333,-103.6833,80.6,75,50,0.65,broken clouds
120,Talnakh,RU,69.4865,88.3972,34.29,79,21,2.73,broken clouds
121,Atuona,PF,-9.8,-139.0333,80.11,76,12,15.5,broken clouds
122,Kiunga,PG,-6.1219,141.2906,74.03,95,100,0.85,broken clouds
123,Lebu,CL,-37.6167,-73.65,54.01,95,100,4.72,broken clouds
124,Abu Samrah,SY,35.3029,37.1841,66.36,56,0,9.04,broken clouds
125,Sicamous,CA,50.8331,-118.9856,68.97,50,43,2.64,broken clouds
126,Lufilufi,WS,-13.8745,-171.5986,87.58,72,73,4.68,broken clouds
127,Bengkulu,ID,-3.8004,102.2655,81.95,73,95,0.76,broken clouds
128,Marawi,PH,7.9986,124.2928,82.35,59,100,1.99,broken clouds
129,Nzerekore,GN,7.7562,-8.8179,68.86,99,92,1.99,broken clouds
130,Coihaique,CL,-45.5752,-72.0662,44.55,70,90,5.75,broken clouds
131,Tuatapere,NZ,-46.1333,167.6833,49.82,78,100,2.26,broken clouds
132,Baracoa,CU,20.3467,-74.4958,77.2,89,53,10.47,broken clouds
133,Port Alfred,ZA,-33.5906,26.891,64.44,50,21,7.87,broken clouds
134,Eyrarbakki,IS,63.863,-21.1481,48.25,83,100,11.07,broken clouds
135,Noshiro,JP,40.2039,140.0242,70.74,72,26,8.55,broken clouds
136,Saint George,US,37.1041,-113.5841,88.27,15,0,8.28,broken clouds
137,Saquarema,BR,-22.92,-42.5103,73.42,92,100,5.06,broken clouds
138,Tiksi,RU,71.6872,128.8694,35.38,77,83,6.71,broken clouds
139,Porto Novo,BJ,6.4965,2.6036,78.31,81,100,3.51,broken clouds
140,Mugur-Aksy,RU,50.35,90.5,53.69,52,100,4.14,broken clouds
141,La Paz,BO,-16.5,-68.15,44.58,75,40,5.75,broken clouds
142,Micheweni,TZ,-4.9667,39.8333,75.58,84,40,13.11,broken clouds
143,Corinto,GR,37.9407,22.9573,72.68,76,15,2.82,broken clouds
144,Altamira,BR,-3.2033,-52.2064,72.36,97,90,3.24,broken clouds
145,Beckley,US,37.7782,-81.1882,67.89,98,90,5.75,broken clouds
146,Pemangkat,ID,1.1667,108.9667,83.5,70,96,2.08,broken clouds
147,Chuy,UY,-33.6971,-53.4616,58.66,90,80,10.0,broken clouds
148,Kavieng,PG,-2.5744,150.7967,83.41,76,96,11.9,broken clouds
149,San Patricio,US,28.017,-97.5169,82.89,93,1,10.6,broken clouds
150,Bethel,US,41.3712,-73.414,73.08,93,100,1.79,broken clouds
151,San Miguelito,PA,9.0333,-79.5,79.56,84,90,4.0,broken clouds
152,Kimberley,ZA,-28.7323,24.7623,47.89,87,100,6.91,broken clouds
153,Havre-Saint-Pierre,CA,50.2334,-63.5986,59.36,41,1,9.22,broken clouds
154,Moree,AU,-29.4667,149.85,51.82,62,90,20.71,broken clouds
155,Kavaratti,IN,10.5669,72.642,83.55,73,97,16.75,broken clouds
156,Katiola,CI,8.1333,-5.1,71.91,96,93,2.44,broken clouds
157,Sept-Iles,CA,50.2001,-66.3821,61.32,41,20,5.75,broken clouds
158,Ancud,CL,-41.8697,-73.8203,50.43,84,100,14.9,broken clouds
159,Funadhoo,MV,6.15,73.2667,82.94,73,99,17.18,broken clouds
160,Puerto Ayora,EC,-0.7393,-90.3518,73.54,87,80,3.0,broken clouds
161,Najran,SA,17.4924,44.1277,81.25,16,2,2.46,broken clouds
162,Chiang Khong,TH,20.2613,100.4046,77.32,92,100,1.03,broken clouds
163,Kargasok,RU,59.0556,80.8572,49.26,43,0,10.74,broken clouds
164,Coracora,PE,-15.0333,-73.7833,44.44,50,75,1.48,broken clouds
165,Zhigansk,RU,66.7697,123.3711,51.91,33,13,23.22,broken clouds
166,Chokwe,MZ,-24.5333,32.9833,60.49,87,26,3.27,broken clouds
167,Aklavik,CA,68.2191,-135.0107,63.43,30,89,16.84,broken clouds
168,Porto Walter,BR,-8.2686,-72.7439,71.65,96,64,2.13,broken clouds
169,Wellington,NZ,-41.2866,174.7756,63.77,82,1,6.91,broken clouds
170,San Quintin,MX,30.4833,-115.95,63.45,83,100,15.46,broken clouds
171,Arlit,NE,18.7369,7.3853,86.52,13,16,5.79,broken clouds
172,Karatuzskoye,RU,53.6072,92.8667,65.32,72,98,5.99,broken clouds
173,Petropavlovsk-Kamchatskiy,RU,53.0452,158.6483,59.59,63,66,8.1,broken clouds
174,Sao Joao Da Barra,BR,-21.6403,-41.0511,73.08,86,66,6.51,broken clouds
175,Kashi,CN,39.4547,75.9797,76.21,27,0,8.86,broken clouds
176,Mirzapur,IN,25.15,82.5833,85.96,33,9,15.1,broken clouds
177,Biloela,AU,-24.4167,150.5,67.48,22,23,16.89,broken clouds
178,Alekseyevsk,RU,57.8406,108.3492,68.85,23,42,5.28,broken clouds
179,Mar Del Plata,AR,-38.0023,-57.5575,56.88,63,75,7.0,broken clouds
180,Lubango,AO,-14.9172,13.4925,55.15,36,62,3.06,broken clouds
181,Chokurdakh,RU,70.6333,147.9167,52.61,41,26,10.69,broken clouds
182,Jinji,CN,23.2281,110.8261,87.6,69,78,2.37,broken clouds
183,Constitucion,CL,-35.3333,-72.4167,55.44,90,100,8.19,broken clouds
184,Show Low,US,34.2542,-110.0298,72.28,8,1,9.22,broken clouds
185,Kamaishi,JP,39.2667,141.8833,72.55,86,53,5.35,broken clouds
186,Celestun,MX,20.8667,-90.4,84.45,67,58,10.18,broken clouds
187,East London,ZA,-33.0153,27.9116,63.91,43,87,5.26,broken clouds
188,Arauca,CO,7.0847,-70.7591,72.86,98,98,3.83,broken clouds
189,Rocha,UY,-34.4833,-54.3333,56.62,95,53,10.25,broken clouds
190,Karabulak,RU,43.3036,44.8964,57.76,74,66,2.75,broken clouds
191,Bara,NG,10.3744,10.7288,75.47,81,99,8.1,broken clouds
192,Semnan,IR,35.5729,53.3971,79.97,23,3,4.83,broken clouds
193,Pevek,RU,69.7008,170.3133,32.77,93,100,11.39,broken clouds
194,Yellowknife,CA,62.456,-114.3525,50.56,57,20,3.44,broken clouds
195,Sao Filipe,CV,14.8961,-24.4956,73.78,83,1,7.45,broken clouds
196,Iqaluit,CA,63.7506,-68.5145,33.53,74,75,1.99,broken clouds
197,Mackenzie,CA,55.2999,-123.1698,61.02,33,40,5.75,broken clouds
198,Souillac,MU,-20.5167,57.5167,70.18,88,75,14.12,broken clouds
199,Carnarvon,AU,-24.8667,113.6333,62.67,77,40,24.16,broken clouds
200,Obo,CF,5.3998,26.4869,67.26,88,100,1.63,broken clouds
201,Muroto,JP,33.2833,134.15,78.84,71,100,11.97,broken clouds
202,Longyan,CN,25.1072,117.0225,84.13,70,100,3.15,broken clouds
203,Upernavik,GL,72.7868,-56.1549,36.7,82,1,6.91,broken clouds
204,Touros,BR,-5.1989,-35.4608,76.1,90,35,10.74,broken clouds
205,San Cristobal,VE,7.7669,-72.225,68.18,98,92,2.3,broken clouds
206,Ust-Kan,RU,50.9276,84.761,64.83,53,60,2.77,broken clouds
207,Jibuti,DJ,11.5,42.5,85.12,35,2,2.21,broken clouds
208,Adrar,MR,20.5022,-10.0711,94.98,11,0,6.78,broken clouds
209,Bilasipara,IN,26.232,90.2347,83.23,78,72,4.32,broken clouds
210,Severo-Kurilsk,RU,50.6789,156.125,47.62,87,39,6.15,broken clouds
211,Linxi,CN,39.7,118.4333,85.66,36,99,10.13,broken clouds
212,Ngunguru,NZ,-35.6167,174.5,65.16,86,1,13.04,broken clouds
213,Zambezi,ZM,-13.5432,23.1047,50.99,73,69,5.28,broken clouds
214,Salinopolis,BR,-0.6136,-47.3561,77.43,88,94,6.29,broken clouds
215,Kholm,RU,59.2667,32.85,56.08,72,94,3.33,broken clouds
216,Lazaro Cardenas,MX,17.9583,-102.2,82.72,74,97,5.39,broken clouds
217,Mahibadhoo,MV,3.7833,72.9667,83.37,71,64,15.08,broken clouds
218,Faanui,PF,-16.4833,-151.75,80.2,78,75,14.74,broken clouds
219,Sandnessjoen,NO,66.0217,12.6316,53.58,84,71,7.49,broken clouds
220,Fortuna,US,40.5982,-124.1573,60.48,66,1,1.99,broken clouds
221,Nankana Sahib,PK,31.4475,73.6972,95.25,21,0,12.1,broken clouds
222,Vila Franca Do Campo,PT,37.7167,-25.4333,66.61,93,79,6.33,broken clouds
223,Sinnamary,GF,5.3833,-52.95,77.27,91,100,8.93,broken clouds
224,Cetateni,RO,45.2,25.1833,45.09,89,6,6.67,broken clouds
225,Dubai,AE,25.2582,55.3047,89.22,79,20,5.01,broken clouds
226,Mykolayivka,UA,47.5414,30.7561,58.39,90,12,7.27,broken clouds
227,Yarada,IN,17.65,83.2667,89.92,66,40,13.89,broken clouds
228,Joensuu,FI,62.6012,29.7632,54.27,62,0,3.0,broken clouds
229,Kolaras,IN,25.2333,77.6,95.14,35,17,17.05,broken clouds
230,Basco,PH,20.4487,121.9702,82.26,80,90,8.77,broken clouds
231,Hirara,JP,24.8,125.2833,87.66,79,75,12.66,broken clouds
232,Yerbogachen,RU,61.2767,108.0108,57.56,36,14,11.54,broken clouds
233,Mehamn,NO,71.0357,27.8492,49.17,79,100,4.03,broken clouds
234,Etaples,FR,50.5219,1.6332,55.6,100,90,2.3,broken clouds
235,North Myrtle Beach,US,33.816,-78.68,78.85,94,89,4.0,broken clouds
236,Kahului,US,20.8947,-156.47,83.46,76,35,8.01,broken clouds
237,Flinders,AU,-34.5833,150.8552,61.05,54,54,6.55,broken clouds
238,Dingle,PH,10.9995,122.6711,86.13,68,100,5.84,broken clouds
239,Tahe,CN,52.3333,124.7333,60.55,94,100,4.59,broken clouds
240,Sisimiut,GL,66.9395,-53.6735,44.22,73,100,8.75,broken clouds
241,Volot,RU,57.9278,30.7025,55.62,89,66,3.69,broken clouds
242,Pontes E Lacerda,BR,-15.2261,-59.3353,74.64,58,65,0.92,broken clouds
243,Scottsbluff,US,41.8666,-103.6672,82.83,48,46,8.43,broken clouds
244,Umea,SE,63.8284,20.2597,49.93,100,0,0.0,broken clouds
245,Sovetskiy,RU,61.3614,63.5842,54.25,48,35,6.4,broken clouds
246,Hauterive,FR,46.0901,3.4459,55.76,97,25,1.74,broken clouds
247,Portland,US,45.5234,-122.6762,63.45,58,84,1.99,broken clouds
248,Bereda,ES,43.2686,-7.5406,55.92,99,63,2.59,broken clouds
249,Twin Falls,US,42.3505,-114.6445,68.31,37,37,8.86,broken clouds
250,Liverpool,GB,53.4106,-2.9779,58.6,74,62,1.01,broken clouds
251,Zhezkazgan,KZ,47.8043,67.7144,75.61,32,21,12.5,broken clouds
252,Marabba,SD,12.35,32.1833,80.96,59,94,21.56,broken clouds
253,Chastyye,RU,57.2888,54.9728,55.29,65,23,7.61,broken clouds
254,Korla,CN,41.7597,86.1469,83.25,20,100,9.04,broken clouds
255,Alekseyevka,RU,50.6309,38.6903,58.87,88,14,1.81,broken clouds
256,Constanza,DE,47.6603,9.1758,61.3,97,39,1.99,broken clouds
257,West Bay,KY,19.3667,-81.4167,82.08,87,20,1.99,broken clouds
258,Dergachi,RU,51.2328,48.7659,64.44,77,68,1.52,broken clouds
259,Itoman,JP,26.1247,127.6694,86.02,70,75,5.75,broken clouds
260,Leshukonskoye,RU,64.8989,45.7622,53.87,55,97,6.04,broken clouds
261,Tuktoyaktuk,CA,69.4541,-133.0374,59.0,41,75,8.05,broken clouds
262,Los Llanos De Aridane,ES,28.6585,-17.9182,65.95,88,75,16.4,broken clouds
263,Carutapera,BR,-1.195,-46.02,74.82,94,98,4.43,broken clouds
264,Huarmey,PE,-10.0681,-78.1522,66.24,85,93,8.84,broken clouds
265,Arica,CL,-18.475,-70.3042,62.83,77,90,6.04,broken clouds
266,Ribeira Grande,PT,38.5167,-28.7,66.33,94,19,14.25,broken clouds
267,Poronaysk,RU,49.2167,143.1167,52.86,76,10,8.32,broken clouds
268,Airai,TL,-8.9266,125.4092,72.91,48,12,2.42,broken clouds
269,Onguday,RU,50.75,86.15,64.62,65,61,3.6,broken clouds
270,Tromso,NO,69.6496,18.957,52.45,87,75,0.0,broken clouds
271,Rio Grande,BR,-32.035,-52.0986,60.94,85,95,15.95,broken clouds
272,Ondjiva,AO,-17.0667,15.7333,53.82,49,1,5.01,broken clouds
273,Solnechnyy,RU,50.7214,136.6319,83.88,44,3,6.89,broken clouds
274,Rawson,AR,-43.3002,-65.1023,56.59,53,100,12.15,broken clouds
275,Morant Bay,JM,17.8815,-76.4093,82.02,86,17,6.24,broken clouds
276,Ende,ID,-8.8432,121.6623,83.8,60,29,4.56,broken clouds
277,Yulara,AU,-25.2406,130.9889,53.44,40,99,17.27,broken clouds
278,Walvis Bay,NA,-22.9575,14.5053,56.08,76,0,6.06,broken clouds
279,Nuqui,CO,5.7125,-77.2708,75.63,89,100,1.79,broken clouds
280,Freeport,US,40.6576,-73.5832,74.01,95,75,1.01,broken clouds
281,Baraya,CO,3.1533,-75.0531,70.48,87,96,1.72,broken clouds
282,Dunedin,NZ,-45.8742,170.5036,55.8,63,100,1.99,broken clouds
283,Sukumo,JP,32.9333,132.7333,84.36,53,100,3.2,broken clouds
284,Omboue,GA,-1.5746,9.2618,76.64,92,93,7.78,broken clouds
285,Tuy Hoa,VN,13.0833,109.3,82.36,67,100,10.18,broken clouds
286,Seoul,KR,37.5683,126.9778,81.97,51,0,1.48,broken clouds
287,Manzhouli,CN,49.6,117.4333,57.97,55,95,13.49,broken clouds
288,Kyren,RU,51.6828,102.1408,70.23,40,0,0.67,broken clouds
289,Moose Factory,CA,51.2585,-80.6094,41.0,81,1,4.61,broken clouds
290,Paamiut,GL,61.994,-49.6678,41.54,74,0,7.23,broken clouds
291,Vila Velha,BR,-20.3297,-40.2925,71.94,95,20,1.99,broken clouds
292,Manaus,BR,-3.1019,-60.025,82.89,78,0,4.61,broken clouds
293,Oksfjord,NO,70.2396,22.3479,48.27,72,96,0.6,broken clouds
294,Verkhoyansk,RU,67.5447,133.385,47.59,93,100,11.79,broken clouds
295,Tall Kayf,TR,37.0833,41.0667,73.2,36,0,3.15,broken clouds
296,Padang,ID,-0.9492,100.3543,80.98,78,99,0.98,broken clouds
297,Srandakan,ID,-7.9386,110.2506,68.74,68,12,5.97,broken clouds
298,Sayyan,YE,15.1718,44.3244,65.66,24,20,6.08,broken clouds
299,Zacatepec,MX,18.65,-99.2,68.79,89,100,2.51,broken clouds
300,Pyaozerskiy,RU,65.8333,31.1667,58.46,54,36,5.64,broken clouds
301,Mbaiki,CF,3.8678,17.9892,67.41,98,80,0.85,broken clouds
302,Pisco,PE,-13.7,-76.2167,64.45,82,100,6.91,broken clouds
303,Senador Jose Porfirio,BR,-2.5908,-51.9542,73.81,95,99,2.42,broken clouds
304,Mangrol,IN,21.1167,70.1167,85.57,73,77,16.73,broken clouds
305,Clyde River,CA,70.4692,-68.5914,37.63,75,1,13.8,broken clouds
306,Bayir,TR,37.2687,28.2167,55.92,66,1,1.43,broken clouds
307,Mut,TR,36.6439,33.4389,68.02,61,0,0.92,broken clouds
308,Trincomalee,LK,8.5711,81.2335,84.63,69,57,19.28,broken clouds
309,Lubao,PH,14.9167,120.55,85.71,66,73,5.1,broken clouds
310,Wagar,SD,16.1525,36.2032,90.3,18,87,5.03,broken clouds
311,Steamboat Springs,US,40.485,-106.8317,72.99,18,1,0.0,broken clouds
312,Santa Maria,BR,-29.6842,-53.8069,60.1,100,90,5.55,broken clouds
313,Minudasht,IR,37.2289,55.3747,65.77,77,0,3.65,broken clouds
314,Nyurba,RU,63.2842,118.3319,52.88,48,98,4.65,broken clouds
315,Lunel,FR,43.6778,4.1361,69.93,60,0,6.26,broken clouds
316,Kargil,IN,34.5667,76.1,56.61,37,0,1.77,broken clouds
317,Sibolga,ID,1.7427,98.7792,84.15,65,100,2.04,broken clouds
318,Hualmay,PE,-11.0964,-77.6139,64.42,85,79,10.92,broken clouds
319,Inverness,GB,57.4791,-4.224,60.71,77,40,3.8,broken clouds
320,Svetlaya,RU,46.5389,138.3297,65.28,68,57,10.11,broken clouds
321,Ekhabi,RU,53.5102,142.9671,59.76,62,21,11.36,broken clouds
322,Udachnyy,RU,66.4167,112.4,52.59,33,88,9.15,broken clouds
323,Evensk,RU,61.95,159.2333,60.17,44,26,10.27,broken clouds
324,Moranbah,AU,-22.0016,148.0466,68.68,21,0,17.76,broken clouds
325,Karratha,AU,-20.7377,116.8463,76.14,35,8,21.32,broken clouds
326,Kawanoe,JP,34.0167,133.5667,82.8,66,45,3.67,broken clouds
327,Mayo,US,38.8876,-76.5119,78.55,93,100,1.01,broken clouds
328,Gambo,CF,4.6482,22.2633,68.49,99,48,0.76,broken clouds
329,Sumbe,AO,-11.2061,13.8437,74.82,65,0,4.52,broken clouds
330,Wawa,NG,9.9022,4.4192,78.67,73,99,6.89,broken clouds
331,Zhucheng,CN,35.9947,119.3975,80.08,67,100,9.57,broken clouds
332,Shimoda,JP,34.6667,138.95,79.16,60,33,7.65,broken clouds
333,Dakar,SN,14.6937,-17.4441,77.88,88,36,14.05,broken clouds
334,Nishihara,JP,26.1842,127.7558,85.28,83,75,6.67,broken clouds
335,Axim,GH,4.8699,-2.2405,78.64,85,58,5.77,broken clouds
336,Baker City,US,44.7749,-117.8344,65.14,63,90,9.78,broken clouds
337,Huadian,CN,42.9633,126.7478,80.15,56,78,6.31,broken clouds
338,Sakakah,SA,29.9697,40.2064,76.57,20,0,8.12,broken clouds
339,Namibe,AO,-15.1961,12.1522,71.35,45,38,8.48,broken clouds
340,Funehiki,JP,37.4333,140.5833,78.75,34,0,5.68,broken clouds
341,Rexburg,US,43.826,-111.7897,64.99,44,3,9.55,broken clouds
342,Le Port,RE,-20.9373,55.2919,67.96,84,7,7.58,broken clouds
343,Alofi,NU,-19.0595,-169.9187,80.49,78,75,5.75,broken clouds
344,Quelimane,MZ,-17.8786,36.8883,62.55,93,20,7.0,broken clouds
345,Timbiras,BR,-4.2553,-43.9406,75.72,88,99,2.13,broken clouds
346,Oistins,BB,13.0667,-59.5333,80.69,69,40,21.85,broken clouds
347,Jacareacanga,BR,-6.2222,-57.7528,74.95,67,48,0.13,broken clouds
348,Paita,PE,-5.0892,-81.1144,68.7,83,41,9.57,broken clouds
349,New Ulm,US,44.3125,-94.4605,84.81,48,75,3.44,broken clouds
350,Goure,NE,13.9835,10.2704,89.02,26,79,7.99,broken clouds
351,Tari,NG,12.4086,4.4914,84.88,46,80,7.94,broken clouds
352,Vostok,RU,46.4856,135.8833,81.16,34,6,4.9,broken clouds
353,Olafsvik,IS,64.8945,-23.7142,47.59,82,100,13.15,broken clouds
354,Oranjestad,AW,12.524,-70.027,82.35,83,40,14.97,broken clouds
355,Kedrovyy,RU,56.1667,91.8167,54.01,65,84,7.2,broken clouds
356,Natal,BR,-5.795,-35.2094,75.85,94,75,8.66,broken clouds
357,Baykit,RU,61.67,96.37,49.12,74,88,12.21,broken clouds
358,Coquimbo,CL,-29.9533,-71.3436,51.53,93,75,3.74,broken clouds
359,Longyearbyen,SJ,78.2186,15.6401,33.64,86,75,8.05,broken clouds
360,Bela,IN,25.9333,81.9833,99.52,32,79,13.8,broken clouds
361,Gubkinskiy,RU,64.434,76.5026,42.42,51,63,10.78,broken clouds
362,Nanakuli,US,21.3906,-158.1547,83.98,61,75,21.9,broken clouds
363,Hay River,CA,60.8156,-115.7999,48.18,61,20,9.22,broken clouds
364,Port Blair,IN,11.6667,92.75,78.84,89,75,8.05,broken clouds
365,Jumla,NP,29.2747,82.1838,70.09,63,13,5.03,broken clouds
366,Ankang,CN,32.68,109.0172,70.61,92,100,0.36,broken clouds
367,Sorong,ID,-0.8833,131.25,82.9,78,100,9.46,broken clouds
368,Broken Hill,AU,-31.95,141.4333,51.51,54,6,29.93,broken clouds
369,Borogontsy,RU,62.6683,131.1683,62.62,29,21,17.0,broken clouds
370,Bonthe,SL,7.5264,-12.505,79.11,82,86,4.97,broken clouds
371,Port Moresby,PG,-9.4431,147.1797,80.96,81,96,4.14,broken clouds
372,Birecik,TR,37.0294,37.9903,67.21,51,0,6.02,broken clouds
373,Ust-Ishim,RU,57.6935,71.1665,51.1,45,2,4.99,broken clouds
374,Rapar,IN,23.5667,70.6333,90.59,49,44,15.66,broken clouds
375,Luderitz,NA,-26.6481,15.1594,58.08,78,0,7.11,broken clouds
376,Benguela,AO,-12.5763,13.4055,74.55,52,69,4.38,broken clouds
377,Olinda,BR,-8.0089,-34.8553,71.33,88,75,8.19,broken clouds
378,Hambantota,LK,6.1241,81.1185,79.14,100,75,17.6,broken clouds
379,Norman Wells,CA,65.282,-126.8329,64.44,45,40,12.66,broken clouds
380,Huilong,CN,31.8111,121.655,81.03,84,100,16.46,broken clouds
381,Saint Anthony,US,45.0205,-93.218,87.73,48,75,4.94,broken clouds
382,Mitchell,US,43.7094,-98.0298,80.11,53,25,3.0,broken clouds
383,Ceres,US,37.5949,-120.9577,71.51,49,68,15.86,broken clouds
384,Kruisfontein,ZA,-34.0033,24.7314,57.85,57,69,5.21,broken clouds
385,College,US,64.8569,-147.8028,62.58,67,90,9.22,broken clouds
386,Escanaba,US,45.7453,-87.0646,72.03,94,100,5.66,broken clouds
387,Banamba,ML,13.55,-7.45,85.39,43,50,10.94,broken clouds
388,Merrill,US,45.1805,-89.6835,72.32,88,1,12.66,broken clouds
389,Khatanga,RU,71.9667,102.5,39.38,60,100,12.28,broken clouds
390,Pundaguitan,PH,6.3711,126.1689,82.02,75,97,3.91,broken clouds
391,Nerchinskiy Zavod,RU,51.3088,119.61,68.61,42,65,5.66,broken clouds
392,Komsomolskiy,UZ,40.4272,71.7189,75.92,46,43,2.3,broken clouds
393,Nikel,RU,69.4128,30.222,55.58,71,98,4.27,broken clouds
394,Dalvik,IS,65.9702,-18.5286,44.53,95,100,3.91,broken clouds
395,Athabasca,CA,54.7169,-113.2854,58.03,73,100,4.56,broken clouds
396,Mitsamiouli,KM,-11.3847,43.2844,77.27,68,0,12.95,broken clouds
397,Saint-Augustin,CA,51.226,-58.6502,48.83,49,0,11.34,broken clouds
398,Chunskiy,RU,56.0815,99.6342,73.87,42,74,7.61,broken clouds
399,Provost,CA,52.3501,-110.2683,59.45,72,100,4.79,broken clouds
400,Avarua,CK,-21.2078,-159.775,78.85,73,100,12.66,broken clouds
401,Floriano,BR,-6.7669,-43.0225,81.9,46,99,4.47,broken clouds
402,Hailey,US,43.5196,-114.3153,59.54,48,13,3.49,broken clouds
403,Vero Beach,US,27.6386,-80.3973,80.08,85,100,4.0,broken clouds
404,Penzance,GB,50.1186,-5.5371,57.76,94,40,12.19,broken clouds
405,Emerald,AU,-23.5333,148.1667,65.34,29,0,18.41,broken clouds
406,Markapur,IN,15.7333,79.2833,87.67,54,100,14.67,broken clouds
407,Bay City,US,43.5945,-83.8889,75.76,89,1,3.11,broken clouds
408,Bull Savanna,JM,17.8868,-77.5902,75.18,84,50,7.25,broken clouds
409,Leningradskiy,RU,69.3833,178.4167,35.82,87,70,12.91,broken clouds
410,Erzin,TR,36.9559,36.2,70.0,85,3,1.36,broken clouds
411,Escarcega,MX,18.6089,-90.7454,83.97,57,91,5.61,broken clouds
412,Kansanshi,ZM,-12.0951,26.4273,47.37,94,5,4.5,broken clouds
413,Hanumangarh,IN,29.5833,74.3167,96.73,36,0,20.49,broken clouds
414,Ostrovnoy,RU,68.0531,39.5131,50.0,66,82,4.88,broken clouds
415,Ibra,OM,22.6906,58.5334,82.15,67,1,1.97,broken clouds
416,Champerico,GT,14.3,-91.9167,83.35,86,100,5.37,broken clouds
417,Thompson,CA,55.7435,-97.8558,59.16,77,75,12.66,broken clouds
418,Seminole,US,28.7086,-81.2081,81.36,82,83,1.01,broken clouds
419,Zatoka,UA,46.0725,30.4654,57.74,85,16,11.14,broken clouds
420,Demyansk,RU,57.643,32.466,55.4,95,33,3.29,broken clouds
421,Mgachi,RU,51.05,142.2667,65.14,55,0,5.14,broken clouds
422,Akyab,MM,20.15,92.9,85.08,71,98,5.97,broken clouds
423,Hamilton,US,39.1834,-84.5333,73.38,94,100,1.01,broken clouds
424,Madimba,TZ,-10.4,40.3333,72.72,88,20,12.1,broken clouds
425,Russell,US,32.3502,-85.1999,76.6,90,40,2.28,broken clouds
426,Ajdabiya,LY,30.7554,20.2263,68.23,90,25,9.26,broken clouds
427,Prince Rupert,CA,54.3161,-130.3201,53.69,84,1,8.05,broken clouds
428,Lima,PE,-12.0432,-77.0282,63.14,85,0,6.91,broken clouds
429,Alta Floresta,BR,-9.8756,-56.0861,71.73,61,98,2.39,broken clouds
430,Chernyshevskiy,RU,63.0128,112.4714,56.17,31,18,4.0,broken clouds
431,Fresnillo,MX,23.1667,-102.8833,75.7,19,32,9.95,broken clouds
432,Guerrero Negro,MX,27.9769,-114.0611,62.42,79,0,17.29,broken clouds
433,Belaya Gora,RU,68.5333,146.4167,59.65,33,77,18.41,broken clouds
434,Bathsheba,BB,13.2167,-59.5167,81.21,69,40,20.0,broken clouds
435,Tabou,CI,4.423,-7.3528,78.31,85,100,3.27,broken clouds
436,Sistranda,NO,63.7256,8.834,57.9,80,11,6.76,broken clouds
437,Kieta,PG,-6.2167,155.6333,84.38,70,89,4.09,broken clouds
438,Vanimo,PG,-2.6741,141.3028,86.61,61,100,5.12,broken clouds
439,Mildura,AU,-34.2,142.15,55.36,54,90,17.27,broken clouds
440,Broome,US,42.2506,-75.833,72.46,89,20,1.01,broken clouds
441,Kurumkan,RU,54.3,110.3,62.62,55,46,4.43,broken clouds
442,Port Lincoln,AU,-34.7333,135.8667,55.24,59,93,19.06,broken clouds
443,Vao,NC,-22.6667,167.4833,68.61,61,28,9.17,broken clouds
444,Atar,MR,20.5169,-13.0499,94.44,14,0,2.19,broken clouds
445,Codrington,AU,-38.2667,141.9667,52.75,72,100,28.19,broken clouds
446,Savelugu,GH,9.6244,-0.8253,78.35,67,100,1.57,broken clouds
447,Tual,ID,-5.6667,132.75,80.96,81,70,14.14,broken clouds
448,Valparaiso,CL,-33.0393,-71.6273,55.47,76,96,2.64,broken clouds
449,Ferzikovo,RU,54.5191,36.7567,58.64,94,90,4.0,broken clouds
450,Noumea,NC,-22.2763,166.4572,78.78,99,69,10.33,broken clouds
451,Provideniya,RU,64.3833,-173.3,32.11,80,20,15.66,broken clouds
452,Morondava,MG,-20.2833,44.2833,65.44,61,0,10.83,broken clouds
453,Eura,FI,61.1333,22.1333,53.38,90,75,2.95,broken clouds
454,Bambamarca,PE,-6.6833,-78.5333,52.18,92,85,1.59,broken clouds
455,Eyl,SO,7.9803,49.8164,80.58,68,24,20.8,broken clouds
456,Conde,BR,-7.2597,-34.9075,72.86,100,90,7.54,broken clouds
457,Jalu,LY,29.0331,21.5482,73.65,54,3,10.42,broken clouds
458,Gold Coast,AU,-28.0,153.4333,62.91,54,90,12.91,broken clouds
459,Lorengau,PG,-2.0226,147.2712,84.25,70,87,6.64,broken clouds
460,Ozernovskiy,RU,51.5,156.5167,44.87,92,90,9.84,broken clouds
461,Hasaki,JP,35.7333,140.8333,87.19,64,0,11.45,broken clouds
462,Pennagaram,IN,12.1333,77.9,79.99,63,100,6.22,broken clouds
463,Corrales,US,35.2378,-106.6067,87.24,11,0,1.01,broken clouds
464,Bilibino,RU,68.0546,166.4372,40.59,73,100,10.56,broken clouds
465,Sabang,ID,5.8933,95.3214,82.98,70,100,17.13,broken clouds
466,Eten,PE,-6.9081,-79.8642,66.96,86,92,9.31,broken clouds
467,Tupik,RU,54.4253,119.9327,56.71,86,100,10.67,broken clouds
468,Ola,RU,59.5833,151.2833,48.29,82,100,8.3,broken clouds
469,Shenjiamen,CN,29.9576,122.298,72.73,95,100,7.29,broken clouds
470,Carndonagh,IE,55.25,-7.2667,59.13,92,100,9.17,broken clouds
471,Santa Ana,US,33.7456,-117.8678,73.15,65,40,4.0,broken clouds
472,Ust-Kuyga,RU,70.0167,135.6,58.8,37,100,20.2,broken clouds
473,Avera,US,33.194,-82.5271,73.74,93,99,4.5,broken clouds
474,Rosetta,EG,31.4044,30.4164,67.82,64,3,10.96,broken clouds
475,Khor,RU,47.8861,134.9464,81.59,51,2,8.9,broken clouds
476,Lithgow,AU,-33.4833,150.15,47.66,91,99,10.56,broken clouds
477,Zeya,RU,53.75,127.2667,78.37,41,100,8.66,broken clouds
478,Sergeyevka,KZ,53.88,67.4158,56.86,49,43,13.02,broken clouds
479,Abu Kamal,SY,34.4506,40.9171,76.91,29,25,10.2,broken clouds
480,Virginia Beach,US,36.8529,-75.978,82.45,79,75,9.22,broken clouds
481,Shelburne,CA,44.0787,-80.2041,70.75,93,87,4.05,broken clouds
482,Bucovat,RO,44.3,23.75,57.49,95,0,3.15,broken clouds
483,Vettavalam,IN,12.1,79.25,87.44,47,100,12.15,broken clouds
484,Geoagiu,RO,45.9167,23.2,55.2,88,0,0.38,broken clouds
485,Haines Junction,CA,60.7522,-137.5108,64.35,25,0,12.66,broken clouds
486,Santa Isabel Do Rio Negro,BR,-0.4139,-65.0192,74.52,97,92,2.66,broken clouds
487,Telde,ES,27.9924,-15.4192,71.82,60,20,27.63,broken clouds
488,Alexandria,EG,31.2156,29.9553,67.96,88,0,4.61,broken clouds
489,Vardo,NO,70.3705,31.1107,50.2,84,100,7.31,broken clouds
490,Verkhnyaya Inta,RU,65.9811,60.3094,46.78,50,62,8.43,broken clouds
491,Thinadhoo,MV,0.5333,72.9333,83.17,71,30,9.06,broken clouds
492,Kosa,RU,59.9445,54.9977,53.26,49,2,3.89,broken clouds
493,Jiujiang,CN,29.7333,115.9833,90.34,56,84,6.06,broken clouds
494,Gornopravdinsk,RU,60.05,69.9,51.48,47,10,5.26,broken clouds
495,Lishui,CN,28.4604,119.9103,82.96,78,100,2.77,broken clouds
496,Omsukchan,RU,62.5333,155.8,58.41,32,28,10.58,broken clouds
497,Lexington,US,37.9887,-84.4777,71.74,88,100,3.09,broken clouds
498,Gujranwala,PK,32.1617,74.1883,93.25,19,0,3.51,broken clouds
499,Chaiyaphum,TH,15.75,102.0,85.05,65,100,11.88,broken clouds
500,Gainesville,US,29.6516,-82.3248,81.09,71,20,0.0,broken clouds
501,Salta,AR,-24.7859,-65.4117,53.89,90,0,1.99,broken clouds
502,Namatanai,PG,-3.6667,152.4333,82.63,76,100,8.3,broken clouds
503,Takaka,NZ,-40.85,172.8,62.98,63,5,2.89,broken clouds
504,Malinovoye Ozero,RU,51.6753,79.7825,65.41,62,100,11.79,broken clouds
505,Wanaka,NZ,-44.7,169.15,52.39,81,100,0.87,broken clouds
506,Murgab,TM,37.4966,61.9714,75.07,35,0,12.46,broken clouds
507,Dimitrie Cantemir,RO,46.5078,28.0547,58.05,91,4,5.19,broken clouds
508,Magog,CA,45.2668,-72.1491,75.42,83,99,9.22,broken clouds
509,Bagdarin,RU,54.4333,113.6,60.57,45,100,6.53,broken clouds
510,Ulaanbaatar,MN,47.9077,106.8832,59.13,51,20,5.68,broken clouds
511,Chuzhou,CN,32.3219,118.2978,88.07,49,78,4.81,broken clouds
512,Mogadishu,SO,2.0371,45.3438,78.42,84,18,15.32,broken clouds
513,Sobolevo,RU,54.4299,31.8996,54.16,95,9,5.5,broken clouds
514,Port Hardy,CA,50.6996,-127.4199,51.8,93,90,6.91,broken clouds
515,Les Cayes,HT,18.2,-73.75,77.77,80,79,5.55,broken clouds
516,Shache,CN,38.4167,77.2406,84.85,18,90,2.66,broken clouds
517,Pangnirtung,CA,66.1451,-65.7125,35.85,96,100,2.53,broken clouds
518,Moerai,PF,-22.4333,-151.3333,72.37,61,69,11.1,broken clouds
519,Spring Valley,US,36.108,-115.245,86.92,15,2,1.99,broken clouds
520,Utete,TZ,-7.986,38.758,66.13,95,52,2.55,broken clouds
521,Mbini,GQ,1.574,9.6134,77.94,88,98,4.94,broken clouds
522,Kyzyl-Suu,KG,42.3414,78.0056,59.86,57,1,4.38,broken clouds
523,Blagoyevo,RU,63.3667,47.9167,54.84,39,10,3.22,broken clouds
524,Kirovskiy,RU,45.0917,133.5136,81.28,49,21,3.42,broken clouds
525,Salalah,OM,17.0151,54.0924,82.4,88,84,9.78,broken clouds
526,Tezze Sul Brenta,IT,45.6866,11.7036,69.1,74,100,4.0,broken clouds
527,Kuah,MY,6.3265,99.8432,87.78,74,20,2.13,broken clouds
528,Pasighat,IN,28.0667,95.3333,76.91,90,100,1.74,broken clouds
529,Sinop,TR,41.7711,34.8709,55.24,70,96,2.93,broken clouds
530,Mount Gambier,AU,-37.8333,140.7667,53.51,58,100,25.32,broken clouds
531,Charlestown,AU,-32.95,151.6667,55.85,63,68,8.99,broken clouds
532,Lagoa,PT,39.05,-27.9833,64.98,92,6,16.13,broken clouds
533,Acapulco,MX,16.8634,-99.8901,81.59,83,100,2.13,broken clouds
534,Sabla,NG,12.7525,4.7077,85.17,45,56,7.78,broken clouds
535,Bintulu,MY,3.1667,113.0333,84.61,79,20,3.0,broken clouds
536,Hudson Bay,CA,52.85,-102.3842,61.02,56,100,6.62,broken clouds
537,Isangel,VU,-19.55,169.2667,77.11,61,40,7.67,broken clouds
538,Quilmana,PE,-12.95,-76.3833,65.03,79,100,3.53,broken clouds
539,Majene,ID,-3.5403,118.9707,85.69,66,100,3.98,broken clouds
540,Constantine,DZ,36.365,6.6147,58.41,67,0,1.14,broken clouds
541,Palmer,US,42.1584,-72.3287,73.62,81,100,3.6,broken clouds
542,Waipawa,NZ,-41.4122,175.5153,58.03,74,43,9.55,broken clouds
543,Pag,HR,44.445,15.0575,63.18,73,42,14.94,broken clouds
544,Bairiki,KI,1.3292,172.9752,86.0,70,40,10.8,broken clouds
545,Adelaide,AU,-34.9333,138.6,57.51,54,20,10.0,broken clouds
546,Kismayo,SO,-0.3582,42.5454,75.0,88,15,8.32,broken clouds
547,Aksu,CN,41.1231,80.2644,79.54,27,14,3.69,broken clouds
548,Praya,CV,14.9215,-23.5087,75.74,78,0,17.27,broken clouds
549,Myitkyina,MM,25.3833,97.4,80.64,85,100,1.92,broken clouds
550,Mantua,IT,45.1667,10.7833,68.7,85,89,1.99,broken clouds
551,Clarence Town,AU,-32.5833,151.7833,56.93,59,90,12.73,broken clouds
552,Sarangani,PH,5.4033,125.4636,83.66,74,98,8.46,broken clouds
553,Smithers,CA,54.7804,-127.1743,64.72,34,75,2.3,broken clouds
554,Moctezuma,MX,29.8,-109.6667,84.34,20,99,10.0,broken clouds
555,Medeiros Neto,BR,-17.3739,-40.2206,67.55,94,4,3.56,broken clouds
556,Lipari,IT,38.4674,14.954,70.95,78,25,15.05,broken clouds
557,Makakilo City,US,21.3469,-158.0858,82.56,59,75,23.49,broken clouds
558,Dubovyy Umet,RU,52.9763,50.2857,61.92,78,4,3.67,broken clouds
559,Itaituba,BR,-4.2761,-55.9836,77.04,72,62,1.9,broken clouds
560,Darnah,LY,32.767,22.6367,69.89,88,2,17.45,broken clouds
561,Timmins,CA,48.4669,-81.3331,62.42,72,75,5.08,broken clouds
562,Plettenberg Bay,ZA,-34.0527,23.3716,61.7,61,19,6.55,broken clouds
563,Iquitos,PE,-3.7481,-73.2472,77.04,88,0,3.44,broken clouds
564,Dalby,AU,-27.1833,151.2667,58.98,43,21,7.0,broken clouds
565,Vuktyl,RU,63.8567,57.3094,50.43,38,18,3.67,broken clouds
566,Kishi,NG,9.0833,3.85,71.38,88,89,4.81,broken clouds
567,Carballo,ES,43.213,-8.691,58.42,93,25,1.7,broken clouds
568,Bay Roberts,CA,47.5999,-53.2648,52.52,77,0,11.01,broken clouds
569,Awjilah,LY,29.1081,21.2869,73.11,58,3,10.71,broken clouds
570,Saint-Francois,FR,46.4154,3.9054,55.47,96,90,2.3,broken clouds
571,Point Fortin,TT,10.1833,-61.6833,80.15,84,96,12.5,broken clouds
572,Partenit,UA,44.578,34.3446,63.73,71,1,4.72,broken clouds
573,Ambilobe,MG,-13.2,49.05,64.6,78,0,3.6,broken clouds
574,Oum Hadjer,TD,13.2954,19.6966,84.61,47,71,5.44,broken clouds
575,Sorland,NO,67.667,12.6934,50.92,82,94,6.24,broken clouds
576,Kondinskoye,RU,59.6481,67.41,53.38,48,5,6.24,broken clouds
577,Fare,PF,-16.7,-151.0167,79.79,80,50,15.28,broken clouds
578,Clermont,FR,49.5,2.4167,61.16,89,52,4.23,broken clouds
579,Garissa,KE,-0.4536,39.6401,73.29,72,0,11.3,broken clouds
580,Kamenka,RU,51.3223,42.7678,60.6,83,50,1.72,broken clouds
581,Comodoro Rivadavia,AR,-45.8667,-67.5,55.26,38,0,37.98,broken clouds
582,Maltahohe,NA,-24.8333,16.9833,42.35,68,0,3.8,broken clouds
583,Kalevala,RU,65.2,31.1667,58.19,48,15,4.27,broken clouds
584,Gao,ML,16.6362,1.637,88.05,26,11,6.93,broken clouds
585,Guaranesia,BR,-21.2992,-46.8025,62.55,84,97,2.19,broken clouds
586,Florianopolis,BR,-27.6146,-48.5012,67.62,91,75,1.01,broken clouds
587,Phalaborwa,ZA,-23.943,31.1411,54.19,80,0,2.8,broken clouds
588,Bahir Dar,ET,11.5936,37.3908,63.34,75,9,1.81,broken clouds
589,Plouzane,FR,48.3833,-4.6167,53.92,97,90,3.71,broken clouds
590,Romans-Sur-Isere,FR,45.0464,5.0562,63.86,83,71,5.55,broken clouds
591,Chegdomyn,RU,51.1167,133.0167,84.67,29,4,5.91,broken clouds
592,Humaita,BR,-7.5061,-63.0208,76.6,80,100,2.39,broken clouds
593,Kuytun,RU,54.3419,101.5036,69.03,51,1,12.57,broken clouds
594,Guayaramerin,BO,-10.8368,-65.3614,71.19,97,90,1.03,broken clouds
595,Wageningen,NL,51.9667,5.6667,60.1,91,34,2.01,broken clouds
596,Shablykino,RU,52.8566,35.1964,56.34,93,55,3.2,broken clouds
597,Weston,US,26.1004,-80.3998,81.01,78,75,5.01,broken clouds
598,Dawei,MM,14.0833,98.2,76.68,96,100,11.9,broken clouds
599,Yar-Sale,RU,66.8333,70.8333,44.37,52,43,9.24,broken clouds
600,Yeghegnavan,AM,39.838,44.6253,61.2,63,0,2.08,broken clouds
601,Jijiga,ET,9.35,42.8,61.25,82,1,12.68,broken clouds
602,Klaebu,NO,63.2976,10.4826,53.06,87,55,0.76,broken clouds
603,Araouane,ML,18.9048,-3.5265,93.34,15,0,8.46,broken clouds
604,Yarmouth,US,41.7057,-70.2286,75.24,92,40,5.01,broken clouds
605,Miguel Alves,BR,-4.1656,-42.8953,74.01,92,79,2.04,broken clouds
606,Launceston,AU,-41.45,147.1667,56.8,83,75,11.99,broken clouds
607,Chaohu,CN,31.6,117.8667,87.04,54,98,5.12,broken clouds
608,Haicheng,CN,40.8516,122.7475,82.74,44,58,9.84,broken clouds
609,Sumenep,ID,-7.0167,113.8667,85.93,65,46,8.19,broken clouds
610,Shaunavon,CA,49.6501,-108.4181,55.18,64,98,17.05,broken clouds
611,Praia,CV,14.9215,-23.5087,75.74,78,0,17.27,broken clouds
612,Raudeberg,NO,61.9875,5.1352,56.07,85,6,9.98,broken clouds
613,Priekule,LV,56.4468,21.5897,47.59,91,9,1.59,broken clouds
614,Ikornnes,NO,62.3873,6.557,55.54,93,0,1.01,broken clouds
615,Parfenyevo,RU,58.484,43.4088,54.21,59,96,7.18,broken clouds
616,Hollola,FI,61.05,25.4333,55.33,82,70,1.5,broken clouds
617,Quatre Cocos,MU,-20.2078,57.7625,69.91,77,64,16.6,broken clouds
618,Quarai,BR,-30.3875,-56.4514,56.01,95,54,7.27,broken clouds
619,Ballitoville,ZA,-29.539,31.2144,57.24,87,0,5.57,broken clouds
620,Havoysund,NO,70.9963,24.6622,45.48,83,100,6.06,broken clouds
621,Hovd,MN,48.0056,91.6419,68.99,24,73,2.73,broken clouds
622,Marsa Matruh,EG,31.3525,27.2453,75.4,41,0,8.05,broken clouds
623,Deputatskiy,RU,69.3,139.9,46.9,62,100,22.77,broken clouds
624,Lovozero,RU,68.005,35.0117,53.83,78,100,5.84,broken clouds
625,Vavoua,CI,7.3819,-6.4778,70.77,98,77,3.44,broken clouds
626,Tornio,FI,65.8481,24.1466,51.82,68,97,2.73,broken clouds
627,Borazjan,IR,29.2666,51.2159,85.33,16,0,4.56,broken clouds
628,Qingdao,CN,36.0986,120.3719,78.4,78,40,8.28,broken clouds
629,Rio Verde De Mato Grosso,BR,-18.9181,-54.8442,72.99,57,88,11.41,broken clouds
630,Newport,GB,51.5877,-2.9984,55.54,87,28,4.03,broken clouds
631,Freising,DE,48.4035,11.7488,58.12,94,0,3.44,broken clouds
632,Windhoek,NA,-22.5594,17.0832,48.4,53,0,5.75,broken clouds
633,Camacha,PT,33.0833,-16.3333,61.56,82,40,3.44,broken clouds
634,Hjelset,NO,62.7833,7.4833,53.38,87,15,2.51,broken clouds
635,Terrace,CA,54.5163,-128.6035,60.71,63,75,24.16,broken clouds
636,Shchelkun,RU,56.3034,60.9483,51.37,55,91,7.2,broken clouds
637,Aktash,RU,50.3,87.7333,41.94,88,100,2.39,broken clouds
638,Kholodnyy,RU,62.7167,147.95,67.46,23,81,19.08,broken clouds
639,Santa Marta De Tormes,ES,40.9506,-5.6272,55.42,58,0,2.68,broken clouds
640,Oxelosund,SE,58.6706,17.1015,59.38,100,0,4.9,broken clouds
641,Olkhovka,RU,53.2115,60.6069,58.42,64,88,10.09,broken clouds
642,Paka,MY,4.6374,103.4368,87.73,70,20,2.26,broken clouds
643,Iralaya,HN,15.0,-83.2333,80.17,83,39,10.89,broken clouds
644,Abu Zabad,SD,12.35,29.25,83.23,47,9,9.22,broken clouds
645,Talcahuano,CL,-36.7167,-73.1167,56.88,100,90,12.66,broken clouds
646,Boa Vista,BR,2.8197,-60.6733,76.98,94,75,6.91,broken clouds
647,Casablanca,MA,33.5928,-7.6192,69.33,88,49,8.99,broken clouds
648,Bowen,AU,-20.0167,148.2333,75.42,36,0,15.73,broken clouds
649,Tombouctou,ML,20.0,-3.0,92.55,12,0,9.93,broken clouds
650,Nizwa,OM,22.9333,57.5333,86.36,53,1,2.24,broken clouds
651,Ashqelon,IL,31.6693,34.5715,74.41,64,19,4.92,broken clouds
652,Medvezhyegorsk,RU,62.9167,34.4667,53.49,50,70,3.13,broken clouds
653,Port Hedland,AU,-20.3167,118.5667,78.85,18,40,20.71,broken clouds
654,El Tigre,VE,8.8875,-64.2454,77.04,78,100,9.46,broken clouds
655,Cabra,ES,37.4725,-4.4421,73.9,35,9,4.88,broken clouds
656,Imeni Poliny Osipenko,RU,52.4201,136.4853,83.16,46,1,7.38,broken clouds
657,Nanma,CN,36.1817,118.1583,81.01,53,100,7.96,broken clouds
658,Baruun-Urt,MN,46.6806,113.2792,59.13,48,84,19.86,broken clouds
659,Tura,IN,25.5198,90.2201,81.32,80,49,5.64,broken clouds
660,Gat,IL,31.61,34.7642,73.4,63,33,3.62,broken clouds
661,Sao Miguel Do Araguaia,BR,-13.275,-50.1628,74.73,44,71,4.43,broken clouds
662,Kropotkin,RU,45.4375,40.5756,56.05,86,1,5.7,broken clouds
663,Magaria,NE,12.9983,8.9099,81.52,46,48,8.9,broken clouds
664,Namtsy,RU,62.7161,129.6658,60.91,34,32,22.12,broken clouds
665,Kalmunai,LK,7.4167,81.8167,82.51,72,76,4.56,broken clouds
666,Strzelce Opolskie,PL,50.5107,18.3006,59.38,90,5,5.53,broken clouds
667,Nakhon Thai,TH,17.1006,100.8374,80.51,92,100,2.26,broken clouds
668,Port Macquarie,AU,-31.4333,152.9167,60.89,43,93,8.75,broken clouds
669,Snasa,NO,64.2457,12.3778,54.43,88,24,0.51,broken clouds
670,Luebo,CD,-5.35,21.4167,70.63,60,27,2.33,broken clouds
671,Guilin,CN,25.2819,110.2864,84.31,62,85,2.06,broken clouds
672,Catemaco,MX,18.4167,-95.1167,77.54,81,90,4.18,broken clouds
673,Troitsko-Pechorsk,RU,62.7084,56.1964,53.85,39,16,2.75,broken clouds
674,Turukhansk,RU,65.8167,87.9833,46.69,48,96,15.3,broken clouds
675,Laguna,US,38.421,-121.4238,71.24,45,30,7.0,broken clouds
676,Orlik,RU,52.5178,99.825,65.16,29,1,1.66,broken clouds
677,Cayenne,GF,4.9333,-52.3333,81.09,86,40,1.01,broken clouds
678,Salisbury,GB,51.0693,-1.7957,54.32,97,23,2.91,broken clouds
679,Buala,SB,-8.145,159.5921,85.03,69,83,7.81,broken clouds
680,Ilebo,CD,-4.3167,20.5833,71.91,65,42,1.81,broken clouds
681,Rongcheng,CN,30.634,117.8517,90.93,50,87,2.01,broken clouds
682,Caravelas,BR,-17.7125,-39.2481,73.09,86,0,4.56,broken clouds
